-- phpMyAdmin SQL Dump
-- version 5.2.1
-- https://www.phpmyadmin.net/
--
-- Host: 127.0.0.1:3306
-- Generation Time: Jan 03, 2025 at 12:16 PM
-- Server version: 9.1.0
-- PHP Version: 8.3.14

SET SQL_MODE = "NO_AUTO_VALUE_ON_ZERO";
START TRANSACTION;
SET time_zone = "+00:00";


/*!40101 SET @OLD_CHARACTER_SET_CLIENT=@@CHARACTER_SET_CLIENT */;
/*!40101 SET @OLD_CHARACTER_SET_RESULTS=@@CHARACTER_SET_RESULTS */;
/*!40101 SET @OLD_COLLATION_CONNECTION=@@COLLATION_CONNECTION */;
/*!40101 SET NAMES utf8mb4 */;

--
-- Database: `bookmyshowdemo`
--

-- --------------------------------------------------------

--
-- Table structure for table `movie`
--

DROP TABLE IF EXISTS `movie`;
CREATE TABLE IF NOT EXISTS `movie` (
  `id` int NOT NULL AUTO_INCREMENT,
  `Movie_title` varchar(200) NOT NULL,
  `genre` varchar(50) NOT NULL,
  `duration` int NOT NULL,
  `language` varchar(50) NOT NULL,
  `dimension_type` varchar(10) NOT NULL DEFAULT '2D',
  `format` varchar(10) NOT NULL,
  PRIMARY KEY (`id`)
) ENGINE=InnoDB AUTO_INCREMENT=10 DEFAULT CHARSET=utf8mb4 COLLATE=utf8mb4_0900_ai_ci;

--
-- Dumping data for table `movie`
--

INSERT INTO `movie` (`id`, `Movie_title`, `genre`, `duration`, `language`, `dimension_type`, `format`) VALUES
(1, 'UI', 'psychology', 184, 'kannada', '2D', '4K'),
(2, 'Max', 'action', 152, 'kannada', '2D', '4K'),
(3, 'Pushpa2', 'action', 184, 'Telugu', '2D', '2K'),
(4, 'Mufasa Lion King', 'animation', 200, 'English', '3D', '4K'),
(5, 'Baby john', 'action', 198, 'Hindi', '2D', '2K'),
(6, 'Viduthalai2', 'action', 156, 'Tamil', '2D', '4K'),
(7, 'Baroz', 'Fantasy', 196, 'Malayalam', '3D', '4K'),
(8, 'Marco', 'Action', 186, 'Hindi', '2D', '4K'),
(9, 'Moana', 'animation', 194, 'English', '3D', '4K');

-- --------------------------------------------------------

--
-- Table structure for table `shows`
--

DROP TABLE IF EXISTS `shows`;
CREATE TABLE IF NOT EXISTS `shows` (
  `id` int NOT NULL,
  `Theatre_id` int NOT NULL,
  `Movie_id` int NOT NULL,
  `show_time` json NOT NULL,
  `Date` date NOT NULL,
  PRIMARY KEY (`id`),
  KEY `Theatre` (`Theatre_id`),
  KEY `Movie` (`Movie_id`)
) ENGINE=MyISAM AUTO_INCREMENT=3 DEFAULT CHARSET=utf8mb4 COLLATE=utf8mb4_0900_ai_ci;

--
-- Dumping data for table `shows`
--

INSERT INTO `shows` (`id`, `Theatre_id`, `Movie_id`, `show_time`, `Date`) VALUES
(1, 1, 1, '[\"19:15:00\", \"19:30:00\", \"22:15:00\", \"22:30:00\"]', '2024-12-25'),
(2, 1, 1, '[\"19:15:00\", \"19:30:00\", \"22:15:00\", \"22:30:00\"]', '2024-12-26'),
(3, 1, 1, '[\"19:15:00\", \"19:30:00\", \"22:15:00\"]', '2024-12-27'),
(4, 1, 1, '[\"19:15:00\", \"19:30:00\"]', '2024-12-28'),
(5, 1, 1, '[\"19:15:00\", \"19:30:00\"]', '2024-12-29'),
(6, 1, 1, '[\"19:15:00\", \"19:30:00\"]', '2024-12-30'),
(7, 1, 2, '[\"10:15:00\", \"10:30:00\", \"14:40:23\", \"19:15:00\"]', '2024-12-25'),
(8, 1, 2, '[\"10:15:00\", \"10:30:00\", \"14:40:23\", \"19:15:00\"]', '2024-12-26'),
(9, 1, 2, '[\"10:15:00\", \"10:30:00\", \"14:40:23\", \"19:15:00\", \"22:30:00\"]', '2024-12-27'),
(10, 1, 2, '[\"10:15:00\", \"10:30:00\", \"14:40:23\", \"19:15:00\", \"22:30:00\"]', '2024-12-28'),
(11, 1, 2, '[\"10:15:00\", \"10:30:00\", \"14:40:23\", \"19:15:00\", \"22:30:00\"]', '2024-12-29'),
(12, 1, 2, '[\"10:30:00\", \"14:40:23\", \"19:15:00\", \"22:30:00\"]', '2024-12-30'),
(13, 1, 2, '[\"10:30:00\", \"19:15:00\", \"22:30:00\"]', '2024-12-31'),
(14, 2, 2, '[\"11:30:00\", \"13:00:00\", \"16:30:00\", \"19:15:00\"]', '2024-12-25'),
(15, 2, 2, '[\"11:30:00\", \"13:00:00\", \"16:30:00\", \"19:15:00\"]', '2024-12-26'),
(16, 2, 2, '[\"11:30:00\", \"13:00:00\", \"16:30:00\", \"19:15:00\"]', '2024-12-27'),
(17, 2, 2, '[\"11:30:00\", \"13:00:00\", \"16:30:00\", \"19:15:00\"]', '2024-12-28'),
(18, 2, 2, '[\"11:30:00\", \"13:00:00\", \"16:30:00\", \"19:15:00\"]', '2024-12-29'),
(19, 2, 2, '[\"11:30:00\", \"13:00:00\", \"16:30:00\", \"19:15:00\"]', '2024-12-30'),
(20, 2, 2, '[\"11:30:00\", \"13:00:00\", \"16:30:00\", \"19:15:00\"]', '2024-12-31'),
(21, 1, 4, '[\"13:30:00\", \"22:40:00\"]', '2024-12-25'),
(23, 9, 4, '[\"10:30:00\", \"14:40:00\"]', '2024-12-25'),
(24, 9, 2, '[\"10:40:00\", \"16:40:00\"]', '2024-12-25'),
(25, 10, 2, '[\"09:50:00\", \"10:40:00\", \"16:40:00\", \"19:15:00\"]', '2024-12-25'),
(26, 10, 2, '[\"09:50:00\", \"10:40:00\", \"16:40:00\", \"19:15:00\"]', '2024-12-26'),
(27, 10, 2, '[\"09:50:00\", \"10:40:00\", \"16:40:00\", \"19:15:00\"]', '2024-12-27'),
(28, 10, 2, '[\"09:50:00\", \"10:40:00\", \"16:40:00\", \"19:15:00\"]', '2024-12-28'),
(29, 10, 2, '[\"09:50:00\", \"10:40:00\", \"16:40:00\", \"19:15:00\", \"22:10:00\"]', '2024-12-29'),
(30, 10, 2, '[\"09:50:00\", \"10:40:00\", \"16:40:00\", \"19:15:00\", \"22:10:00\"]', '2024-12-30'),
(31, 10, 2, '[\"09:50:00\", \"10:40:00\", \"16:40:00\", \"19:15:00\", \"22:10:00\"]', '2024-12-31'),
(32, 10, 3, '[\"10:50:00\", \"11:40:00\", \"14:40:00\", \"19:15:00\", \"22:10:00\"]', '2024-12-25'),
(33, 10, 3, '[\"10:50:00\", \"11:40:00\", \"14:40:00\", \"19:15:00\", \"22:10:00\"]', '2024-12-26'),
(34, 10, 3, '[\"10:50:00\", \"11:40:00\", \"19:15:00\", \"22:10:00\"]', '2024-12-27'),
(35, 10, 3, '[\"10:50:00\", \"11:40:00\", \"19:15:00\", \"22:10:00\"]', '2024-12-28'),
(36, 10, 3, '[\"10:50:00\", \"11:40:00\", \"19:15:00\", \"22:10:00\"]', '2024-12-29'),
(37, 10, 4, '[\"11:50:00\", \"13:40:00\", \"19:15:00\", \"22:10:00\"]', '2024-12-25'),
(38, 10, 4, '[\"11:50:00\", \"13:40:00\", \"19:15:00\", \"22:10:00\"]', '2024-12-26'),
(39, 10, 4, '[\"11:50:00\", \"13:40:00\", \"19:15:00\", \"22:10:00\"]', '2024-12-27'),
(40, 10, 4, '[\"11:50:00\", \"13:40:00\", \"19:15:00\", \"22:10:00\"]', '2024-12-28'),
(41, 10, 5, '[\"10:30:00\", \"11:15:00\", \"19:30:00\", \"22:10:00\"]', '2024-12-25'),
(42, 10, 5, '[\"10:30:00\", \"11:15:00\", \"19:30:00\", \"22:10:00\"]', '2024-12-26'),
(43, 10, 5, '[\"10:30:00\", \"11:15:00\", \"19:30:00\", \"22:10:00\"]', '2024-12-27'),
(44, 10, 5, '[\"10:30:00\", \"11:15:00\", \"19:30:00\", \"22:10:00\"]', '2024-12-28'),
(45, 10, 5, '[\"10:30:00\", \"11:15:00\", \"19:30:00\", \"22:10:00\"]', '2024-12-29'),
(46, 10, 6, '[\"10:15:00\", \"11:30:00\", \"19:30:00\", \"21:10:00\"]', '2024-12-25'),
(47, 10, 6, '[\"10:15:00\", \"11:30:00\", \"19:30:00\", \"21:10:00\"]', '2024-12-26'),
(48, 10, 6, '[\"10:15:00\", \"11:30:00\", \"19:30:00\", \"21:10:00\"]', '2024-12-27'),
(49, 10, 6, '[\"10:15:00\", \"11:30:00\"]', '2024-12-28'),
(50, 10, 6, '[\"10:15:00\", \"11:30:00\"]', '2024-12-29'),
(51, 10, 6, '[\"10:15:00\", \"11:30:00\"]', '2024-12-30'),
(52, 10, 6, '[\"10:15:00\", \"11:30:00\"]', '2024-12-31'),
(53, 10, 1, '[\"09:30:00\", \"10:15:00\", \"16:15:00\"]', '2024-12-25'),
(54, 10, 1, '[\"09:30:00\", \"10:15:00\", \"16:15:00\"]', '2024-12-26'),
(55, 10, 1, '[\"09:30:00\", \"10:15:00\", \"16:15:00\"]', '2024-12-27'),
(56, 10, 1, '[\"09:30:00\", \"10:15:00\"]', '2024-12-28'),
(57, 10, 1, '[\"09:30:00\", \"10:15:00\"]', '2024-12-29'),
(58, 10, 1, '[\"10:15:00\"]', '2024-12-30'),
(59, 10, 1, '[\"10:15:00\"]', '2024-12-31'),
(60, 10, 7, '[\"10:40:00\", \"11:05:00\", \"13:15:00\", \"19:30:00\"]', '2024-12-25'),
(61, 10, 7, '[\"10:40:00\", \"11:05:00\", \"13:15:00\", \"19:30:00\"]', '2024-12-26'),
(62, 10, 7, '[\"10:40:00\", \"11:05:00\", \"13:15:00\", \"19:30:00\"]', '2024-12-27'),
(63, 10, 7, '[\"10:40:00\", \"11:05:00\", \"13:15:00\", \"19:30:00\"]', '2024-12-28'),
(64, 10, 7, '[\"10:40:00\", \"11:05:00\", \"13:15:00\", \"19:30:00\"]', '2024-12-29'),
(65, 10, 7, '[\"10:40:00\", \"11:05:00\", \"13:15:00\", \"19:30:00\"]', '2024-12-30'),
(66, 10, 7, '[\"10:40:00\", \"11:05:00\", \"13:15:00\", \"19:30:00\"]', '2024-12-31'),
(67, 10, 8, '[\"10:00:00\", \"10:15:00\", \"13:15:00\", \"19:30:00\"]', '2024-12-25'),
(68, 10, 8, '[\"10:00:00\", \"10:15:00\", \"13:15:00\", \"19:30:00\"]', '2024-12-26'),
(69, 10, 8, '[\"10:00:00\", \"10:15:00\", \"13:15:00\", \"19:30:00\"]', '2024-12-27'),
(70, 10, 8, '[\"10:00:00\", \"10:15:00\", \"13:15:00\", \"19:30:00\"]', '2024-12-28'),
(71, 10, 8, '[\"13:15:00\", \"19:30:00\"]', '2024-12-29'),
(72, 10, 8, '[\"13:15:00\", \"19:30:00\"]', '2024-12-30'),
(73, 10, 8, '[\"13:15:00\", \"19:30:00\"]', '2024-12-31'),
(74, 5, 2, '[\"10:00:00\", \"13:30:00\", \"16:30:00\", \"22:30:00\"]', '2024-12-25'),
(75, 5, 2, '[\"10:00:00\", \"13:30:00\", \"16:30:00\", \"22:30:00\"]', '2024-12-26'),
(76, 5, 2, '[\"10:00:00\", \"13:30:00\", \"16:30:00\", \"22:30:00\"]', '2024-12-27'),
(78, 5, 2, '[\"10:00:00\", \"13:30:00\", \"16:30:00\", \"22:30:00\"]', '2024-12-28'),
(79, 5, 2, '[\"10:00:00\", \"13:30:00\", \"16:30:00\", \"22:30:00\"]', '2024-12-29'),
(80, 5, 2, '[\"10:00:00\", \"13:30:00\", \"16:30:00\", \"22:30:00\"]', '2024-12-30'),
(81, 5, 2, '[\"10:00:00\", \"13:30:00\", \"16:30:00\", \"22:30:00\"]', '2024-12-31'),
(82, 9, 9, '[\"10:00:00\", \"13:30:00\", \"16:30:00\", \"22:30:00\"]', '2024-12-25'),
(83, 9, 9, '[\"10:00:00\", \"13:30:00\", \"16:30:00\", \"22:30:00\"]', '2024-12-26'),
(84, 9, 9, '[\"10:00:00\", \"13:30:00\", \"16:30:00\", \"22:30:00\"]', '2024-12-27'),
(85, 9, 9, '[\"10:00:00\", \"13:30:00\", \"16:30:00\", \"22:30:00\"]', '2024-12-28'),
(86, 9, 9, '[\"10:00:00\", \"13:30:00\", \"16:30:00\", \"22:30:00\"]', '2024-12-29'),
(87, 9, 9, '[\"10:00:00\", \"13:30:00\", \"16:30:00\", \"22:30:00\"]', '2024-12-30'),
(88, 9, 9, '[\"10:00:00\", \"13:30:00\", \"16:30:00\", \"22:30:00\"]', '2024-12-31'),
(89, 9, 1, '[\"11:30:00\", \"13:15:00\", \"17:35:00\", \"21:30:00\"]', '2024-12-25'),
(90, 9, 1, '[\"11:30:00\", \"13:15:00\", \"17:35:00\", \"21:30:00\"]', '2024-12-26'),
(91, 9, 1, '[\"11:30:00\", \"13:15:00\", \"17:35:00\", \"21:30:00\"]', '2024-12-27'),
(92, 9, 1, '[\"11:30:00\", \"13:15:00\", \"17:35:00\", \"21:30:00\"]', '2024-12-28'),
(93, 9, 1, '[\"11:30:00\", \"13:15:00\", \"17:35:00\", \"21:30:00\"]', '2024-12-29'),
(94, 9, 1, '[\"11:30:00\", \"13:15:00\", \"17:35:00\", \"21:30:00\"]', '2024-12-30');

-- --------------------------------------------------------

--
-- Table structure for table `theatre`
--

DROP TABLE IF EXISTS `theatre`;
CREATE TABLE IF NOT EXISTS `theatre` (
  `id` int NOT NULL,
  `Name` varchar(200) NOT NULL,
  `Location` varchar(50) NOT NULL,
  `City` varchar(50) NOT NULL,
  `NoOfScreens` int NOT NULL DEFAULT '1',
  PRIMARY KEY (`id`)
) ENGINE=MyISAM AUTO_INCREMENT=5 DEFAULT CHARSET=utf8mb4 COLLATE=utf8mb4_0900_ai_ci;

--
-- Dumping data for table `theatre`
--

INSERT INTO `theatre` (`id`, `Name`, `Location`, `City`, `NoOfScreens`) VALUES
(1, 'Cinepolis Meenakshi Mall', 'Hulimav', 'Bangalore', 5),
(2, 'Siddeshwara', 'JP Nagara', 'Bangalore', 1),
(3, 'PVR Nexux Mall', 'Kormangala', 'Bangalore', 5),
(4, 'Lido Mall', 'Mandi Mohalla', 'Mysore', 4),
(5, 'Sangam', 'Lashkara Mohalla', 'Mysore', 1),
(6, 'PVR Cinemas sangam', 'Andheri road', 'Mumbai', 1),
(7, 'Cinepolis Neptune Mall', 'Ganesh Nagar', 'Mumbai', 1),
(8, 'Narthaki', 'Majestic', 'Bangalore', 1),
(9, 'Gopalan Cinemas', 'Bannerghatta road', 'Bangalore', 4),
(10, 'PVR Forum Mall', 'Kanakpura Road', 'Bangalore', 6);

-- --------------------------------------------------------

--
-- Table structure for table `users`
--

DROP TABLE IF EXISTS `users`;
CREATE TABLE IF NOT EXISTS `users` (
  `id` int NOT NULL AUTO_INCREMENT,
  `User_name` varchar(200) NOT NULL,
  `email_id` varchar(150) NOT NULL,
  `Contact_no` int NOT NULL,
  PRIMARY KEY (`id`)
) ENGINE=InnoDB DEFAULT CHARSET=utf8mb4 COLLATE=utf8mb4_0900_ai_ci;
COMMIT;

/*!40101 SET CHARACTER_SET_CLIENT=@OLD_CHARACTER_SET_CLIENT */;
/*!40101 SET CHARACTER_SET_RESULTS=@OLD_CHARACTER_SET_RESULTS */;
/*!40101 SET COLLATION_CONNECTION=@OLD_COLLATION_CONNECTION */;
